carrier,serving_cellset,count
310260,487-2300/487-47090/487-47291,43
310260,487-2300/487-47090/487-47291/487-47090,4
310260,43-2300/43-1125/43-5035,65
310260,206-66786/206-1125/43-5035,559
310260,206-66786/206-1125,600
310260,495-66786/495-1125,109
310260,443-66786/443-1125/443-5035,442
310260,443-66786/443-1125,501
310260,496-66786/496-1125,125
310260,319-66786/319-1125/319-5035,118
310260,319-66786/319-1125,138
310260,74-66786,6
310260,74-66786/74-1125/74-68886,34
310260,74-66786/74-1125,33
310260,468-66786/468-1125,344
310260,493-66786/493-1125,128
310260,43-66786/43-1125/43-5035,509
310260,43-66786/43-1125,506
310260,96-66786/96-1125/96-5035,290
310260,96-66786/96-1125,272
310260,489-2300/489-47090/489-47291,16
310260,96-2300/96-1125/96-5035,36
310260,490-2300/490-47090/490-47291,37
310260,293-66786/293-1125/293-5035,154
310260,293-66786/293-1125,176
310260,400-66786/400-1125,55
310260,293-66786,14
310260,62-66786/62-1125/62-68886,69
310260,62-66786/62-1125,66
310260,87-66786/87-1125/87-68886,49
310260,87-66786/87-1125,45
310260,190-66786/190-1125/190-68886,47
310260,190-66786/190-1125,47
310260,190-66786/190-1125/120-1125,1
310260,121-66786/121-1125,29
310260,122-66786/122-1125,45
310260,399-66786/399-1125,55
310260,401-66786/401-1125,26
310260,490-2300/490-47090/490-47291/490-1125,10
310260,43-2300/43-1125/43-5035/43-5035,4
310260,43-2300/43-1125/43-5035/43-5035/43-5035,3
310260,43-2300/43-1125/43-5035/43-5035/43-5035/43-5035,1
310260,463-2300/463-5035,21
310260,203-2300/203-1125/203-68886,42
310260,203-2300/203-1125/203-68886/203-5035,22
310260,203-2300/203-1125/203-68886/203-5035/203-1125,13
310260,203-2300/203-1125/203-68886/203-5035/203-1125/203-68886,12
310260,203-2300/203-1125/203-68886/203-5035/203-1125/203-68886/203-5035,8
310260,203-2300/203-1125/203-68886/203-5035/203-1125/203-68886/203-5035/203-1125,4
310260,203-2300/203-1125/203-68886/203-5035/203-1125/203-68886/203-5035/203-1125/203-68886,4
310260,203-2300/203-1125/203-68886/203-5035/203-1125/203-68886/203-5035/203-1125/203-68886/203-5035,4
310260,203-2300/203-1125/203-68886/203-5035/203-1125/203-68886/203-5035/203-1125/203-68886/203-5035/203-1125,2
310260,203-2300/203-1125/203-68886/203-5035/203-1125/203-68886/203-5035/203-1125/203-68886/203-5035/203-1125/203-68886,2
310260,203-2300/203-1125/203-68886/203-5035/203-1125/203-68886/203-5035/203-1125/203-68886/203-5035/203-1125/203-68886/203-5035,2
310260,203-2300/203-1125/203-68886/203-5035/203-1125/203-68886/203-5035/203-1125/203-68886/203-5035/203-1125/203-68886/203-5035/203-1125,2
310260,203-2300/203-1125/203-68886/203-5035/203-1125/203-68886/203-5035/203-1125/203-68886/203-5035/203-1125/203-68886/203-5035/203-1125/203-68886,2
310260,203-2300/203-1125/203-68886/203-5035/203-1125/203-68886/203-5035/203-1125/203-68886/203-5035/203-1125/203-68886/203-5035/203-1125/203-68886/203-5035,2
310260,203-2300/203-1125/203-68886/203-5035/203-1125/203-68886/203-5035/203-1125/203-68886/203-5035/203-1125/203-68886/203-5035/203-1125/203-68886/203-5035/203-1125,2
310260,203-2300/203-1125/203-68886/203-5035/203-1125/203-68886/203-5035/203-1125/203-68886/203-5035/203-1125/203-68886/203-5035/203-1125/203-68886/203-5035/203-1125/203-68886,2
310260,203-2300/203-1125/203-68886/203-5035/203-1125/203-68886/203-5035/203-1125/203-68886/203-5035/203-1125/203-68886/203-5035/203-1125/203-68886/203-5035/203-1125/203-68886/203-5035,2
310260,203-2300/203-1125/203-68886/203-5035/203-1125/203-68886/203-5035/203-1125/203-68886/203-5035/203-1125/203-68886/203-5035/203-1125/203-68886/203-5035/203-1125/203-68886/203-5035/203-68886,1
310260,203-2300/203-1125/203-68886/203-5035/203-1125/203-68886/203-5035/203-1125/203-68886/203-5035/203-1125/203-68886/203-5035/203-1125/203-68886/203-5035/203-1125/203-68886/203-5035/203-68886/203-5035,1
310260,203-2300/203-1125/203-68886/203-5035/203-1125/203-68886/203-5035/203-1125/203-68886/203-5035/203-1125/203-68886/203-5035/203-1125/203-68886/203-5035/203-1125/203-68886/203-5035/203-68886/203-5035/203-1125,1
310260,203-2300/203-1125/203-68886/203-5035/203-1125/203-68886/203-5035/203-1125/203-68886/203-5035/203-1125/203-68886/203-5035/203-1125/203-68886/203-5035/203-1125/203-68886/203-5035/203-68886/203-5035/203-1125/203-68886,1
310260,203-2300/203-1125/203-68886/203-5035/203-1125/203-68886/203-5035/203-1125/203-68886/203-5035/203-1125/203-68886/203-5035/203-1125/203-68886/203-5035/203-1125/203-68886/203-5035/203-68886/203-5035/203-1125/203-68886/203-5035,1
310260,203-2300/203-1125/203-68886/203-5035/203-1125/203-68886/203-5035/203-1125/203-68886/203-5035/203-1125/203-68886/203-5035/203-1125/203-68886/203-5035/203-1125/203-68886/203-5035/203-68886/203-5035/203-1125/203-68886/203-5035/203-1125,1
310260,203-2300/203-1125/203-68886/203-5035/203-1125/203-68886/203-5035/203-1125/203-68886/203-5035/203-1125/203-68886/203-5035/203-1125/203-68886/203-5035/203-1125/203-68886/203-5035/203-68886/203-5035/203-1125/203-68886/203-5035/203-1125/203-68886,1
310260,203-2300/203-1125/203-68886/203-5035/203-1125/203-68886/203-5035/203-1125/203-68886/203-5035/203-1125/203-68886/203-5035/203-1125/203-68886/203-5035/203-1125/203-68886/203-5035/203-68886/203-5035/203-1125/203-68886/203-5035/203-1125/203-68886/203-5035,1
310260,203-2300/203-1125/203-68886/203-5035/203-1125/203-68886/203-5035/203-1125/203-68886/203-5035/203-1125/203-68886/203-5035/203-1125/203-68886/203-5035/203-1125/203-68886/203-5035/203-68886/203-5035/203-1125/203-68886/203-5035/203-1125/203-68886/203-5035/203-68886,1
310260,203-2300/203-1125/203-68886/203-5035/203-1125/203-68886/203-5035/203-1125/203-68886/203-5035/203-1125/203-68886/203-5035/203-1125/203-68886/203-5035/203-1125/203-68886/203-5035/203-68886/203-5035/203-1125/203-68886/203-5035/203-1125/203-68886/203-5035/203-68886/203-5035,1
310260,203-2300/203-1125/203-68886/203-5035/203-1125/203-68886/203-5035/203-1125/203-68886/203-5035/203-1125/203-68886/203-5035/203-1125/203-68886/203-5035/203-1125/203-68886/203-5035/203-68886/203-5035/203-1125/203-68886/203-5035/203-1125/203-68886/203-5035/203-68886/203-5035/203-1125,1
310260,203-2300/203-1125/203-68886/203-5035/203-1125/203-68886/203-5035/203-1125/203-68886/203-5035/203-1125/203-68886/203-5035/203-1125/203-68886/203-5035/203-1125/203-68886/203-5035/203-68886/203-5035/203-1125/203-68886/203-5035/203-1125/203-68886/203-5035/203-68886/203-5035/203-1125/203-68886,1
310260,203-2300/203-1125/203-68886/203-5035/203-1125/203-68886/203-5035/203-1125/203-68886/203-5035/203-1125/203-68886/203-5035/203-1125/203-68886/203-5035/203-1125/203-68886/203-5035/203-68886/203-5035/203-1125/203-68886/203-5035/203-1125/203-68886/203-5035/203-68886/203-5035/203-1125/203-68886/203-5035,1
310260,203-2300/203-1125/203-68886/203-5035/203-1125/203-68886/203-5035/203-1125/203-68886/203-5035/203-1125/203-68886/203-5035/203-1125/203-68886/203-5035/203-1125/203-68886/203-5035/203-68886/203-5035/203-1125/203-68886/203-5035/203-1125/203-68886/203-5035/203-68886/203-5035/203-1125/203-68886/203-5035/203-1125,1
310260,203-2300/203-1125/203-68886/203-5035/203-1125/203-68886/203-5035/203-1125/203-68886/203-5035/203-1125/203-68886/203-5035/203-1125/203-68886/203-5035/203-1125/203-68886/203-5035/203-68886/203-5035/203-1125/203-68886/203-5035/203-1125/203-68886/203-5035/203-68886/203-5035/203-1125/203-68886/203-5035/203-1125/203-68886,1
310260,203-2300/203-1125/203-68886/203-5035/203-1125/203-68886/203-5035/203-1125/203-68886/203-5035/203-1125/203-68886/203-5035/203-1125/203-68886/203-5035/203-1125/203-68886/203-5035/203-68886/203-5035/203-1125/203-68886/203-5035/203-1125/203-68886/203-5035/203-68886/203-5035/203-1125/203-68886/203-5035/203-1125/203-68886/203-5035,1
310260,443-2300/443-1125/443-5035,29
310260,443-2300/443-1125/443-5035/443-1125,4
310260,443-2300/443-1125/443-5035/443-1125/443-5035,1
310260,443-2300/443-1125/443-5035/443-1125/443-5035/443-1125,1
310260,443-2300/443-1125/443-5035/443-1125/443-5035/443-1125/443-5035,1
310260,494-2300/494-1125,8
310260,43-66786,40
310260,482-66786/482-1125,104
310260,480-66786/480-1125,87
310260,481-66786/481-1125,35
310260,279-66786/279-1125/279-5035,241
310260,279-66786/279-1125,303
310260,234-66786/234-1125/234-68886,46
310260,234-66786/234-1125,39
310260,234-66786/234-1125/234-68886/234-5035,11
310260,477-2300/477-1125,58
310260,279-66786,34
310260,203-66786/203-1125/203-68886,116
310260,203-66786/203-1125,117
310260,463-66786/463-5035,156
310260,203-66786/203-68886,38
310260,443-66786/443-5035,10
310260,203-66786/203-1125/203-68886/203-5035,5
310260,43-66786/43-5035,7
310260,482-1125/482-2300,19
310260,443-1125/443-2300/443-5035,67
310260,443-1125/443-66786,68
310260,319-1125/319-2300/319-5035,21
310260,319-1125/319-66786,22
310260,74-1125/74-2300/74-68886,4
310260,74-1125/74-66786,4
310260,496-1125/496-2300,7
310260,496-1125/496-66786,9
310260,495-1125/495-2300,10
310260,206-1125/206-2300/43-5035,42
310260,206-1125/206-66786,38
310260,43-1125/43-2300/43-5035,78
310260,43-1125/43-66786,95
310260,487-1125/487-47090/487-47291/487-66786,9
310260,487-1125/487-47090/487-47291/487-66786/487-47090,4
310260,493-1125/493-2300,5
310260,493-1125/493-66786,4
310260,468-1125/468-2300,11
310260,468-1125/468-66786,10
310260,319-66786,8
310260,401-2300/401-1125,13
310260,494-66786/494-1125,77
310260,180-8665,4
310260,180-8665/203-1125/203-68886,2
310260,180-8665/203-1125,2
310260,180-8665/203-68886,2
310260,311-66786,7
310260,311-66786/311-1125/311-68886,49
310260,311-66786/311-1125,46
310260,476-2300/476-1125,57
310260,279-2300/279-1125/279-5035,105
310260,311-2300/311-1125/311-68886,71
310260,279-2300/279-1125/279-5035/279-5035,3
310260,234-2300/234-1125/234-68886,55
310260,469-2300/469-1125,70
310260,480-2300/480-1125,29
310260,206-2300/206-1125/43-5035,12
310260,481-2300/481-1125,15
310260,234-2300/234-1125/234-5035,2
310260,319-2300/319-1125/319-5035,14
310260,74-2300/74-1125/74-68886,10
310260,482-66786,1
310260,206-66786,13
310260,180-8665/203-1125/160-1125/160-68886,1
310260,180-8665/160-1125,1
310260,87-66786/87-1125/443-1125/443-5035,2
310260,87-66786/443-1125,3
310260,87-66786/443-1125/443-5035,1
310260,468-66786,8
310260,443-66786,25
310260,463-5035/463-2300,23
310260,160-1125/160-2300/160-5035,1
310260,160-1125/160-66786,2
310260,203-1125/203-2300/203-68886,27
310260,203-1125/203-66786,27
310260,203-1125/203-2300/203-68886/203-5035,1
310260,160-1125/160-2300/160-68886,2
310260,203-2300/203-1125/203-68886/203-5035/203-1125/203-68886/203-1125,1
310260,203-2300/203-1125/203-68886/203-5035/203-1125/203-68886/203-1125/203-1125,1
310260,203-2300/203-1125/203-68886/203-5035/203-1125/203-68886/203-1125/203-1125/203-1125,1
310260,203-2300/203-1125/203-68886/203-5035/203-1125/203-68886/203-1125/203-1125/203-1125/203-5035,1
310260,203-2300/203-1125/203-68886/203-5035/203-1125/203-68886/203-1125/203-1125/203-1125/203-5035/203-1125,1
310260,203-2300/203-1125/203-68886/203-5035/203-1125/203-68886/203-1125/203-1125/203-1125/203-5035/203-1125/203-68886,1
310260,203-2300/203-1125/203-68886/203-5035/203-1125/203-68886/203-1125/203-1125/203-1125/203-5035/203-1125/203-68886/203-1125,1
310260,203-2300/203-1125/203-68886/203-5035/203-1125/203-68886/203-1125/203-1125/203-1125/203-5035/203-1125/203-68886/203-1125/203-5035,1
310260,203-5035/203-2300/203-1125,27
310260,203-68886/203-2300/203-1125,27
310260,317-68886/317-2300/317-1125,2
310260,234-68886/234-2300/234-1125,3
310260,443-66786/443-1125/443-5035/443-1125,3
310260,443-66786/443-1125/443-5035/443-1125/443-1125,1
310260,234-66786/234-1125/234-5035,2
310260,481-66786/481-1125/482-1125,1
310260,62-66786,7
310260,468-66786/468-1125/121-1125,1
310260,441-66786/441-1125,2
310260,441-66786/441-1125/319-1125/319-5035,1
310260,480-1125/480-2300,25
310260,311-1125/311-2300/311-68886,25
310260,311-1125/311-2300/311-68886/311-5035,9
310260,311-1125/311-66786,23
310260,234-1125/234-2300/234-68886,26
310260,234-1125/234-66786,16
310260,481-1125/481-2300,17
310260,400-1125/400-2300,12
310260,279-1125/279-2300/279-5035,46
310260,279-1125/279-66786,52
310260,443-1125/443-5035,3
310260,43-1125/43-2300,10
310260,487-1125/487-47090/487-47291/487-66786/487-47291,2
310260,487-1125/487-47090/487-47291/487-66786/487-47291/487-47090,1
310260,487-2300/487-47291/487-47090,3
310260,120-66786/120-1125,7
310260,490-2300/490-47090/490-47291/490-47090,2
310260,279-5035,1
310260,279-5035/279-2300/279-1125,9
310260,234-66786,13
310260,311-68886/311-2300/311-1125,7
310260,293-1125/293-2300/293-5035,8
310260,293-1125/293-66786,8
310260,62-1125/62-2300/62-68886,5
310260,62-1125/62-66786,5
310260,399-1125/399-2300,6
310260,122-1125/122-2300,4
310260,494-66786,7
310260,476-2300,1
310260,477-2300,2
310260,311-2300/311-1125/311-68886/311-5035,13
310260,234-2300/234-1125/234-68886/234-5035,18
310260,40-66786/40-1125/40-68886,2
310260,40-66786/40-1125,2
310260,307-1125/307-2300/307-68886,2
310260,459-1125/459-2300,3
310260,459-1125/459-66786,3
310260,441-8665,1
310260,441-8665/305-2300/305-1125,1
310260,100-68886/100-2300/100-1125,1
310260,100-1125/100-2300/100-68886,1
310260,100-1125/100-66786,1
310260,100-1125/100-66786/186-1125/186-68886,1
310260,100-1125/186-1125,3
310260,100-1125/186-1125/186-68886,2
310260,410-66786/410-1125/410-68886,1
310260,410-66786/410-1125,1
310260,1-2300/1-1125,1
310260,477-2300/0-1125,1
310260,410-2300/410-1125/410-68886,1
310260,410-2300/410-1125/410-68886/410-5035,1
310260,477-2300/477-1125/311-1125/311-68886,1
310260,477-2300/311-1125,1
310260,311-66786/311-1125/311-68886/311-5035,2
310260,234-66786/234-68886,2
310260,234-66786/234-68886/234-5035,1
310260,243-8665,11
310260,243-8665/463-5035,5
310260,160-68886,3
310260,160-68886/160-2300/160-1125,7
310260,443-5035/443-2300/443-1125,7
310260,243-8665/43-1125/43-5035,3
310260,243-8665/43-1125,3
310260,443-66786/443-1125/443-5035/206-1125/43-5035,1
310260,443-66786/206-1125,10
310260,443-66786/206-1125/43-5035,9
310260,43-66786/43-5035/43-1125,1
310260,43-66786/43-5035/43-1125/43-5035,1
310260,43-66786/43-5035/43-1125/43-5035/43-1125,1
310260,43-66786/43-5035/43-1125/43-5035/43-1125/43-5035,1
310260,203-66786/203-68886/203-5035,2
310260,243-8763,2
310260,243-8763/243-8665,2
310260,463-5035,1
310260,463-5035/203-1125/203-68886,1
310260,463-5035/203-1125,1
310260,463-5035/203-68886,1
310260,463-5035/203-68886/203-5035,1
310260,243-8665/203-1125/203-68886,2
310260,243-8665/203-1125/203-68886/203-5035,1
310260,443-1125/443-2300,1
310260,482-2300/482-1125,10
310260,476-1125/476-2300,15
310260,477-1125/477-2300,9
310260,469-1125/469-2300,9
310260,311-1125/311-2300,2
310260,482-66786/482-1125/43-1125/43-5035,1
310260,482-66786/43-1125,1
310260,279-2300/279-1125/279-5035/279-1125,7
310260,279-2300/279-1125/279-5035/279-1125/279-1125,1
310260,279-2300/279-1125/279-5035/279-1125/279-1125/279-5035,1
310260,279-2300/279-1125/279-5035/279-1125/279-1125/279-5035/279-1125,1
310260,279-2300/279-1125/279-5035/279-1125/279-1125/279-5035/279-1125/279-5035,1
310260,279-2300/279-1125/279-5035/279-1125/279-1125/279-5035/279-1125/279-5035/279-1125,1
310260,279-2300/279-1125/279-5035/279-1125/279-1125/279-5035/279-1125/279-5035/279-1125/279-5035,1
310260,279-2300/279-1125/279-5035/279-1125/279-1125/279-5035/279-1125/279-5035/279-1125/279-5035/279-1125,1
310260,279-2300/279-1125/279-5035/279-1125/279-1125/279-5035/279-1125/279-5035/279-1125/279-5035/279-1125/279-5035,1
310260,279-2300/279-1125/279-5035/279-1125/279-1125/279-5035/279-1125/279-5035/279-1125/279-5035/279-1125/279-5035/279-1125,1
310260,279-2300/279-1125/279-5035/279-1125/279-1125/279-5035/279-1125/279-5035/279-1125/279-5035/279-1125/279-5035/279-1125/279-5035,1
310260,279-2300/279-1125/279-5035/279-1125/279-1125/279-5035/279-1125/279-5035/279-1125/279-5035/279-1125/279-5035/279-1125/279-5035/279-1125,1
310260,279-2300/279-1125/279-5035/279-1125/279-1125/279-5035/279-1125/279-5035/279-1125/279-5035/279-1125/279-5035/279-1125/279-5035/279-1125/279-5035,1
310260,279-2300/279-1125/279-5035/279-1125/279-1125/279-5035/279-1125/279-5035/279-1125/279-5035/279-1125/279-5035/279-1125/279-5035/279-1125/279-5035/279-1125,1
310260,279-2300/279-1125/279-5035/279-1125/279-1125/279-5035/279-1125/279-5035/279-1125/279-5035/279-1125/279-5035/279-1125/279-5035/279-1125/279-5035/279-1125/279-1125,1
310260,234-66786/234-1125/234-5035/234-68886,1
310260,180-8763,1
310260,180-8763/203-1125/203-68886,1
310260,180-8763/203-1125/203-68886/203-5035,1
310260,234-1125/234-2300/234-68886/234-5035,6
310260,234-1125/234-2300/234-68886/234-5035/234-2300,2
310260,234-1125/234-2300/234-68886/234-5035/234-2300/234-68886,2
310260,234-1125/234-2300/234-68886/234-5035/234-2300/234-68886/234-5035,2
310260,234-1125/234-2300/234-68886/234-5035/234-2300/234-68886/234-5035/234-68886,1
310260,234-1125/234-2300/234-68886/234-5035/234-2300/234-68886/234-5035/234-68886/234-5035,1
310260,234-1125/234-2300/234-68886/234-5035/234-2300/234-68886/234-5035/234-68886/234-5035/234-2300,1
310260,234-1125/234-2300/234-68886/234-5035/234-2300/234-68886/234-5035/234-68886/234-5035/234-2300/234-68886,1
310260,311-5035/311-2300/311-1125,4
310260,279-66786/279-5035,2
310260,319-1125/319-66786/234-1125/234-68886,1
310260,319-1125/234-1125,1
310260,487-2300/487-47090/487-47291/487-1125,10
310260,43-1125/43-5035,7
310260,311-1125,1
310260,311-1125/311-5035,1
310260,203-5035/203-2300/203-1125/203-1125/203-68886,1
310260,203-5035/203-2300/203-1125/203-1125/203-68886/203-5035,1
310260,190-66786,3
310260,234-2300/234-1125/234-68886/234-5035/234-68886,7
310260,203-2300/203-1125/203-68886/203-5035/203-1125/203-68886/203-5035/203-1125/203-68886/203-5035/203-68886,1
310260,203-2300/203-1125/203-68886/203-5035/203-1125/203-68886/203-5035/203-1125/203-68886/203-5035/203-68886/203-5035,1
310260,203-2300/203-1125/203-68886/203-5035/203-1125/203-68886/203-5035/203-1125/203-68886/203-5035/203-68886/203-5035/203-68886,1
310260,234-2300/234-1125/234-68886/234-5035/234-68886/234-5035,6
310260,234-2300/234-1125/234-68886/234-5035/234-68886/234-5035/234-68886,4
310260,234-2300/234-1125/234-68886/234-5035/234-68886/234-5035/234-68886/234-5035,4
310260,469-2300,1
310260,234-2300/234-1125/234-68886/234-5035/234-68886/234-5035/234-68886/234-5035/234-68886,3
310260,234-2300/234-1125/234-68886/234-5035/234-68886/234-5035/234-68886/234-5035/234-68886/234-5035,2
310260,234-2300/234-1125/234-68886/234-5035/234-68886/234-5035/234-68886/234-5035/234-68886/234-5035/234-68886,2
310260,234-2300/234-1125/234-68886/234-5035/234-68886/234-5035/234-68886/234-5035/234-68886/234-5035/234-68886/234-5035,2
310260,121-66786,1
310260,203-1125,1
310260,443-66786/443-1125/279-1125/279-5035,1
310260,311-66786/311-1125/469-1125,1
310260,243-8665/443-1125/443-5035,2
310260,243-8665/443-1125,2
310260,203-66786/203-5035,1
310260,87-66786/87-1125/87-68886/87-5035,1
310260,495-2300/495-1125,3
310260,496-2300/496-1125,3
310260,43-1125/43-2300/43-5035/43-5035,2
310260,203-66786,4
310260,160-5035/160-2300/160-1125,5
310260,206-1125/206-66786/279-1125/279-5035,1
310260,206-1125/279-1125,2
310260,180-8665/443-1125/443-5035,2
310260,180-8665/443-1125,1
310260,487-2300/487-47291/487-47090/487-1125,2
310260,493-66786/493-1125/43-1125/43-5035,1
310260,493-66786/43-1125,1
310260,206-66786/206-1125/43-5035/43-5035,2
310260,149-8665,4
310260,149-8665/74-1125/74-68886,3
310260,149-8665/74-1125/74-68886/74-5035,2
310260,74-68886/74-2300/74-1125,1
310260,149-8665/149-8665,1
310260,149-8665/149-8665/149-8665,1
310260,149-8665/149-8665/149-8665/149-8665,1
310260,190-5035/190-2300,1
310260,190-5035/190-2300/190-1125/190-68886,1
310260,190-5035/190-1125,1
310260,203-1125/203-66786/203-1125/203-68886,1
310260,203-1125/203-1125,1
310260,441-66786/441-1125/279-1125/279-5035,1
310260,441-66786/279-1125,1
310260,206-1125/463-5035,6
310260,311-2300,6
310260,481-1125/481-2300/203-1125/203-68886,1
310260,481-1125/481-2300/203-1125/203-68886/203-5035,1
310260,311-2300/311-1125/311-68886/311-5035/311-68886,2
310260,311-2300/311-1125/311-68886/311-5035/311-68886/311-5035,2
310260,311-2300/311-1125/311-68886/311-5035/311-68886/311-5035/311-68886,1
310260,311-2300/311-1125/311-68886/311-5035/311-68886/311-5035/311-68886/311-5035,1
310260,203-2300/203-1125/203-68886/203-5035/203-1125/203-68886/203-5035/203-1125/203-68886/203-5035/203-1125/203-68886/203-5035/203-1125/203-68886/203-5035/203-1125/203-68886/203-5035/203-1125,1
310260,203-2300/203-1125/203-68886/203-5035/203-1125/203-68886/203-5035/203-1125/203-68886/203-5035/203-1125/203-68886/203-5035/203-1125/203-68886/203-5035/203-1125/203-68886/203-5035/203-1125/203-68886,1
310260,203-2300/203-1125/203-68886/203-5035/203-1125/203-68886/203-5035/203-1125/203-68886/203-5035/203-1125/203-68886/203-5035/203-1125/203-68886/203-5035/203-1125/203-68886/203-5035/203-1125/203-68886/203-5035,1
310260,489-2300/489-52740/489-52941,1
310260,96-66786,23
310260,206-66786/206-1125/43-5035/203-1125/203-68886,1
310260,206-66786/203-1125,2
310260,203-66786/203-1125/203-68886/203-5035/203-1125,1
310260,203-66786/203-1125/203-68886/203-5035/203-1125/203-1125,1
310260,43-1125/43-5035/43-2300,1
310260,487-1125/487-47291/487-47090/487-66786,1
310260,463-66786,1
310260,243-8665/203-1125,1
310260,234-1125,2
310260,443-66786/443-1125/443-5035/279-1125/279-5035,1
310260,443-66786/279-1125,1
310260,203-66786/203-1125/203-1125/203-68886,1
310260,443-66786/443-1125/443-1125/443-5035,1
310260,443-66786/443-1125/43-1125/43-5035,2
310260,443-66786/43-1125,2
310260,203-2300/203-1125/203-68886/203-1125,9
310260,43-2300/43-1125/43-5035/43-1125,1
310260,480-66786/480-1125/469-1125,1
310260,279-2300,2
310260,234-2300,1
310260,234-2300/234-68886/234-1125,2
310260,203-2300/203-1125/203-68886/203-1125/203-1125,5
310260,203-2300/203-1125/203-68886/203-1125/203-1125/203-1125,4
310260,203-2300/203-1125/203-68886/203-1125/203-1125/203-1125/203-5035,2
310260,203-2300/203-1125/203-68886/203-1125/203-1125/203-1125/203-5035/203-1125,2
310260,490-1125/490-47090/490-47291/490-66786,6
310260,489-1125/489-52941/489-52740/489-66786,1
310260,96-1125/96-2300/96-5035,6
310260,96-1125/96-66786,6
310260,401-1125/401-2300,5
310260,87-66786,2
310260,443-66786/443-1125/443-5035/443-5035,1
310260,443-66786/443-1125/443-5035/443-5035/443-5035,1
310260,468-66786/468-1125/74-1125/74-68886,1
310260,468-66786/74-1125,1
310260,468-66786/190-1125,2
310260,87-66786/62-1125,2
310260,87-66786/293-1125,9
310260,319-66786/319-1125/493-1125,1
310260,160-66786/160-1125/160-68886,2
310260,160-66786/160-1125,2
310260,489-1125/489-47090/489-47291/489-66786,2
310260,489-1125/489-47090/489-47291/489-66786/489-47090,1
310260,489-1125/489-47090/489-47291/489-66786/489-47090/489-47291,1
310260,489-1125/489-47291/489-47090/489-66786,1
310260,489-1125/489-47291/489-47090/489-66786/489-47090,1
310260,489-1125/489-47291/489-47090/489-66786/489-47090/489-47291,1
310260,62-1125,1
310260,490-1125/490-47090/490-47291/490-66786/490-47090,2
310260,490-1125/490-47090/490-47291/490-66786/490-47090/490-47291,2
310260,487-1125/487-47090/487-47291/487-66786/487-47090/487-47291,2
310260,74-66786/74-1125/74-5035,1
310260,74-66786/319-1125,9
310260,74-66786/319-1125/319-5035,5
310260,494-1125/494-2300,9
310260,74-66786/74-1125/74-68886/279-1125/279-5035,1
310260,74-66786/279-1125,1
310260,490-2300,1
310260,74-2300/74-1125/74-68886/74-5035,2
310260,43-66786/43-1125/43-5035/43-1125/43-5035,5
310260,74-66786/74-1125/319-1125/319-5035,1
310260,206-66786/206-1125/206-1125/43-5035,1
310260,43-66786/43-1125/43-5035/206-1125/43-5035,1
310260,43-66786/206-1125,10
310260,43-66786/206-1125/43-5035,10
310260,468-66786/468-1125/468-1125,2
310260,319-66786/206-1125,1
310260,203-2300/203-1125/203-68886/203-1125/203-1125/203-1125/203-1125,2
310260,493-1125,1
310260,87-1125,1
310260,87-1125/87-2300/87-68886,1
310260,87-1125/87-66786,1
310260,441-1125/441-2300,1
310260,441-1125/441-2300/468-1125,1
310260,441-1125/468-1125,1
310260,441-1125/468-1125/206-1125/43-5035,1
310260,441-1125/206-1125,1
310260,74-66786/190-1125,1
310260,74-66786/190-1125/190-68886,1
310260,468-1125,1
310260,190-66786/468-1125,3
310260,490-2300/490-47090/490-47291/490-47291,1
310260,43-66786/43-1125/43-5035/469-1125,1
310260,190-2300/190-1125/190-68886,2
310260,468-2300/468-1125,3
310260,311-2300/311-1125/311-68886/311-1125,1
310260,206-66786/206-1125/234-1125/234-68886,1
310260,206-66786/234-1125,1
310260,469-2300/469-1125/234-68886,1
310260,469-2300/469-1125/234-68886/234-5035,1
310260,319-66786/279-1125,4
310260,203-66786/443-1125,1
310260,203-66786/443-5035,1
310260,190-66786/190-1125/190-1125/190-68886,1
310260,443-66786/443-1125/480-1125,1
310260,443-1125,1
310260,494-2300/494-1125/494-1125,1
310260,311-5035,1
310260,490-1125/490-47291/490-47090/490-66786,1
310260,443-1125/443-2300/443-5035/443-2300,2
310260,443-1125/443-2300/443-5035/443-2300/443-5035,1
310260,443-1125/443-2300/443-5035/443-5035,2
310260,493-2300/493-1125,1
310260,495-66786,2
310260,443-66786/443-1125/443-5035/443-1125/443-5035,1
310260,443-66786/443-1125/443-5035/443-1125/443-5035/498-1125,1
310260,443-66786/443-1125/443-5035/443-1125/443-5035/498-1125/443-1125/443-5035,1
310260,443-1125/443-2300/443-5035/203-1125/203-68886,1
310260,443-1125/443-2300/443-5035/203-1125/203-68886/203-5035,1
310260,96-66786/96-1125/96-5035/96-1125/96-5035,1
310260,74-2300,1
310260,319-66786/319-1125/74-1125/74-68886,1
310260,319-66786/74-1125,1
310260,468-66786/468-1125/190-1125/190-68886,1
310260,74-2300/74-1125/74-68886/74-1125,1
310260,121-2300/121-1125,1
310260,62-66786/87-1125,1
310260,62-66786/190-1125,1
310260,87-66786/293-1125/293-5035,5
310260,87-66786/293-1125/293-1125/293-5035,1
310260,496-66786/496-1125/443-1125/443-5035,1
310260,496-66786/443-1125,3
310260,496-66786/443-1125/443-5035,2
310260,203-5035,1
310260,203-5035/203-1125/203-68886,1
310260,203-5035/203-1125,1
310260,160-5035/160-2300/160-1125/203-2300/203-1125,1
310260,203-2300/203-1125,1
310260,203-2300/203-1125/203-68886/203-1125/203-5035,1
310260,203-2300/203-1125/203-68886/203-1125/203-5035/203-1125,1
310260,203-2300/203-1125/203-68886/203-1125/203-5035/203-1125/203-1125,1
310260,203-2300/203-1125/203-68886/203-1125/203-5035/203-1125/203-1125/203-1125,1
310260,203-66786/203-1125/203-68886/203-1125,1
310260,203-66786/203-1125/203-68886/203-1125/203-5035,1
310260,234-1125/203-1125/203-68886,1
310260,234-1125/203-1125/203-68886/203-5035,1
310260,234-1125/203-1125/203-68886/203-5035/203-1125,1
310260,234-1125/203-1125/203-68886/203-5035/203-1125/203-1125,1
310260,234-1125/203-1125/203-68886/203-5035/203-1125/203-1125/203-1125,1
310260,234-1125/203-1125/203-68886/203-5035/203-1125/203-1125/203-1125/203-1125,1
310260,74-2300/74-1125/74-5035,1
310260,482-66786/482-1125/482-1125,1
310260,468-66786/493-1125,1
310260,468-66786/87-1125,1
310260,206-66786/206-1125/43-5035/43-1125/43-5035,2
310260,206-66786/43-1125,3
310260,87-66786/190-1125,1
310260,494-1125/494-66786,2
310260,494-66786/494-1125/494-2300,1
310260,494-66786/494-1125/494-2300/494-1125,1
310260,62-66786/494-1125,1
310260,206-66786/206-1125/43-5035/43-5035/43-5035,1
310260,234-1125/234-2300/234-68886/234-2300,1
310260,121-1125/121-2300,2
310260,190-1125/190-2300/190-68886,2
310260,190-1125/190-66786,2
310260,203-2300/203-1125/203-68886/203-1125/203-1125/203-1125/203-1125/203-1125,1
310260,203-2300/203-1125/203-68886/203-1125/203-1125/203-1125/203-1125/203-1125/203-1125,1
310260,203-2300/203-1125/203-68886/203-1125/203-1125/203-1125/203-1125/203-1125/203-1125/203-1125,1
310260,203-2300/203-1125/203-68886/203-1125/203-1125/203-1125/203-1125/203-1125/203-1125/203-1125/203-1125,1
310260,203-2300/203-1125/203-68886/203-1125/203-1125/203-1125/203-1125/203-1125/203-1125/203-1125/203-1125/203-1125,1
310260,96-2300,1
310260,400-66786,2
310260,443-66786/443-5035/443-1125,1
310260,487-2300,1
310260,482-2300/482-47090/482-47291,2
310260,487-2300/487-47090/487-47291/487-47291,1
310260,487-2300/487-47090/487-47291/487-47291/487-1125,1
310260,96-1125,1
310260,96-1125/96-66786/401-2300,1
310260,160-2300/160-1125/160-68886,1
310260,490-1125/490-47090/490-47291/490-66786/490-47090/490-47291/62-1125/62-68886,1
310260,490-1125/490-47090/490-47291/490-66786/490-47090/490-47291/62-1125/62-68886/62-5035,1
310410,277-9820,18
310410,143-9820,11
310410,455-850,11
310410,124-850,18
310410,437-850,5
310410,445-5110,27
310410,472-850,8
310410,416-850,44
310410,208-850,19
310410,123-850,23
310410,52-66461,7
310410,374-9820,7
310410,66-9820,6
310410,230-66461,3
310410,111-66461,3
310410,24-66461,1
310410,305-66461,2
310410,128-9820,5
310410,491-850,11
310410,427-850,13
310410,489-5110,10
310410,455-5110,11
310410,397-5110,15
310410,200-9820,6
310410,347-9820,4
310410,329-850,49
310410,294-850,8
310410,258-850,9
310410,204-9820,12
310410,247-9820,23
310410,234-850,12
310410,164-850,31
310410,251-5110,11
310410,119-5110,24
310410,471-5110,19
310410,70-850,2
310410,187-850,8
310410,421-9820,4
310410,269-850,10
310410,94-850,16
310410,411-5110,16
310410,116-66461,2
310410,37-66461,9
310410,394-66461,4
310410,494-66461,1
310410,168-850,13
310410,447-850,1
310410,89-850,14
310410,29-850,6
310410,27-5110,45
310410,304-66461,1
310410,29-9820,4
310410,60-850,8
310410,81-850,11
310410,384-850,7
310410,115-850,2
310410,203-9820,4
310410,120-9820,1
310410,36-66461,1
310410,201-850,11
310410,138-850,2
310410,154-5110,20
310410,115-9820,11
310410,478-850,1
310410,456-850,4
310410,479-850,1
310410,283-850,18
310410,42-850,3
310410,471-850,11
310410,141-5110,2
310410,308-850,4
310410,469-850,13
310410,90-5110,5
310410,263-9820,4
310410,140-5110,10
310410,128-5110,3
310410,132-850,2
310410,136-850,2
310410,51-850,9
310410,80-5110,13
310410,98-850,13
310410,298-5110,25
310410,344-66461,3
310410,58-9820,2
310410,116-850,2
310410,211-850,1
310410,282-9820,2
310410,45-850,1
310410,43-850,2
310410,186-850,2
310410,65-850,3
310410,286-850,1
310410,335-9820,1
310410,352-850,4
310410,238-850,1
310410,227-5110,1
310410,386-66461,1
310410,387-66461,3
310410,180-850,2
310410,210-850,2
310410,368-850,2
310410,73-5110,3
310410,465-5110,3
310410,306-66461,1
310410,293-850,4
310410,292-850,1
310410,351-850,1
310410,406-850,1
310410,323-9820,1
310410,396-9820,1
310410,447-66461,1
310410,102-66461,2
310410,373-66461,1
310410,234-66461,1
310410,409-66461,2
310410,195-66461,1
310410,199-850,1
310410,35-850,1
310410,66-5110,1
310410,7-5110,1
310410,79-850,1
310410,230-5110,1
310410,208-850/310-9720/154-66986,69
310410,208-850/154-66986/289-66461,40
310410,491-850/435-9720/214-66986,45
310410,491-850/214-66986,16
310410,168-850/437-9720/449-66986,38
310410,168-850/449-66986/52-66461,15
310410,168-850/53-5330/52-66461,2
310410,168-850/53-5330/52-66461/449-66986,2
310410,168-850/52-66461/449-66986,9
310410,329-850/403-9720/94-9820,45
310410,329-850/409-66461/10-66986,109
310410,335-850/436-9720/421-66986,6
310410,335-850/421-66986/494-66461,5
310410,416-850/15-5330,38
310410,416-850/15-5330/321-66986,32
310410,416-850/143-9820,37
310410,416-850/143-9820/61-52740/61-52941/118-53139,1
310410,416-850/61-52941/61-52740/118-53139,1
310410,308-850/90-5110/89-66461,23
310410,308-850/89-66461,14
310410,416-850/285-66461/321-66986,68
310410,329-850/403-9720/409-66461,56
310410,329-850/409-66461/10-66986/403-9720/94-9820,1
310410,329-850/94-9820,59
310410,298-5110/321-66986/416-850,25
310410,143-9820/85-9720/321-66986,17
310410,143-9820/321-66986/285-66461,18
310410,143-9820/416-850,10
310410,263-9820/310-9720/154-66986,3
310410,263-9820/310-9720/154-66986/289-66461,3
310410,263-9820/154-66986/289-66461,1
310410,204-9820/311-9720/153-66986,2
310410,204-9820/311-9720/153-66986/387-66461,2
310410,387-66461/311-9720/153-66986/204-9820,9
310410,102-66461/115-850/230-5110,1
310410,102-66461/115-850/230-5110/421-9820,1
310410,89-850/309-9720/344-66461,16
310410,384-850/311-9720/153-66986,15
310410,416-850/298-5110,21
310410,416-850/298-5110/321-66986,19
310410,123-850/421-66986/335-850,1
310410,397-5110/154-66986/208-850,34
310410,397-5110/154-66986/208-850/289-66461,9
310410,52-66461/437-9720/449-66986/374-9820,10
310410,52-66461/437-9720/449-66986/374-9820/168-850,6
310410,52-66461/437-9720/449-66986/374-9820/168-850/445-5110,3
310410,469-850/61-52740/61-52941/118-53139,55
310410,445-5110/449-66986/168-850,22
310410,308-850/89-66461/321-66986,1
310410,308-850/285-66461/321-66986,2
310410,308-850/94-9820,3
310410,308-850/94-9820/321-66986,1
310410,491-850/435-9720,1
310410,445-5110/449-66986/168-850/52-66461,7
310410,27-5110/155-66986/89-850,37
310410,465-5110/103-66986/187-850,10
310410,465-5110/103-66986/187-850/496-66461,1
310410,73-5110/81-850,11
310410,140-5110/104-66986/60-850,15
310410,140-5110/104-66986/60-850/447-66461,11
310410,197-5330/89-850/155-66986,3
310410,197-5330/89-850/155-66986/344-66461,3
310410,197-5330/89-850/155-66986/344-66461/247-9820,3
310410,202-5330/214-66986/491-850,3
310410,53-5330/449-66986/168-850,1
310410,53-5330/449-66986/168-850/52-66461,1
310410,53-5330/449-66986/168-850/52-66461/374-9820,1
310410,329-850/403-9720/94-9820/58-5330,8
310410,329-850/403-9720/94-9820/58-5330/10-66986,6
310410,255-850/311-9720/153-66986,10
310410,329-850/403-9720/10-66986,35
310410,329-850/403-9720/409-66461/119-5110,6
310410,503-850/90-5110/413-66461,2
310410,147-850/86-9720/389-66461,1
310410,52-5110/448-66986/43-850,5
310410,329-850/403-9720/94-9820/10-66986,5
310410,329-850/403-9720/94-9820/10-66986/58-5330,2
310410,329-850/403-9720/94-9820/10-66986/58-5330/409-66461,1
310410,329-850/403-9720/94-9820/10-66986/58-5330/409-66461/119-5110,1
310410,168-850/445-5110/52-66461,1
310410,168-850/445-5110/52-66461/449-66986,1
310410,377-850/436-9720/421-66986,2
310410,416-850/85-9720/321-66986,66
310410,416-850/85-9720/321-66986/285-66461,5
310410,123-850/154-66986/208-850,11
310410,255-850/49-5330/387-66461,2
310410,255-850/153-66986/387-66461,8
310410,344-66461/309-9720/155-66986/247-9820,12
310410,316-66461/209-9720/420-66986/203-9820,2
310410,37-66461/315-52740/24-52941/270-53139,12
310410,37-66461/315-52740/24-52941/270-53139/15-66986,10
310410,37-66461/315-52740/24-52941/270-53139/15-66986/94-850,7
310410,394-66461/36-66986/29-850/154-5110,6
310410,409-66461/403-9720/10-66986/94-9820,11
310410,409-66461/403-9720/10-66986/94-9820/329-850,10
310410,195-66461/402-9720/480-66986/282-9820,1
310410,195-66461/402-9720/480-66986/282-9820/210-850,1
310410,195-66461/402-9720/480-66986/282-9820/210-850/450-5330,1
310410,195-66461/402-9720/480-66986/282-9820/210-850/450-5330/66-5110,1
310410,409-66461/403-9720/10-66986/94-9820/329-850/119-5110,3
310410,201-850/88-9720/199-66986,2
310410,201-850/88-9720/199-66986/431-66461,2
310410,201-850/88-9720/199-66986/431-66461/131-9820,2
310410,283-850/89-9720/383-66986,10
310410,283-850/89-9720/383-66986/141-5110,1
310410,427-850/209-9720/420-66986,74
310410,277-5110,2
310410,277-5110/274-66986/279-850,1
310410,141-5110/383-66986/283-850,1
310410,351-5110,2
310410,351-5110/136-850,4
310410,351-5110/136-850/319-66461,4
310410,154-5110/36-66986/29-850/394-66461,10
310410,136-850/378-5110,2
310410,60-850/276-9720/104-66986,40
310410,60-850/104-66986/447-66461,24
310410,60-850/104-66986,6
310410,179-850/315-52740/24-52941/270-53139,3
310410,179-850/270-53139/24-52941/315-52740,1
310410,179-850/15-66986/37-66461,1
310410,37-66461/315-52740/24-52941/270-53139/15-66986/179-850,2
310410,116-66461/291-9720/495-66986/371-9820,3
310410,455-850/274-5330/371-9820,2
310410,455-850/371-9820,9
310410,416-850/321-66986/285-66461,6
310410,94-850/53-5330/52-66461,1
310410,94-850/53-5330/52-66461/449-66986,1
310410,94-850/52-66461/449-66986,5
310410,94-850/285-66461/321-66986,1
310410,94-850/437-9720/449-66986,6
310410,94-850/449-66986/52-66461,3
310410,94-850/437-9720/52-66461,3
310410,94-850/437-9720/52-66461/53-5330,1
310410,94-850/437-9720/52-66461/53-5330/449-66986,1
310410,44-850/90-5110/89-66461,8
310410,329-850/403-9720/10-66986/119-5110,5
310410,329-850/403-9720/10-66986/119-5110/409-66461,2
310410,329-850/403-9720/94-9820/409-66461,1
310410,329-850/403-9720/94-9820/409-66461/58-5330,1
310410,329-850/403-9720/94-9820/409-66461/58-5330/10-66986,1
310410,329-850/403-9720/94-9820/409-66461/58-5330/10-66986/119-5110,1
310410,491-850/435-9720/214-66986/455-5110,6
310410,491-850/435-9720/214-66986/455-5110/277-9820,1
310410,491-850/435-9720/214-66986/455-5110/277-9820/310-9720/154-66986/263-9820,1
310410,52-66461/437-9720/449-66986/374-9820/94-850,1
310410,52-66461/437-9720/449-66986/374-9820/94-850/445-5110,1
310410,416-850/85-9720/285-66461,9
310410,416-850/85-9720/285-66461/321-66986,1
310410,416-850/85-9720/285-66461/321-66986/298-5110,1
310410,416-850/85-9720/285-66461/321-66986/298-5110/143-9820,1
310410,208-850/153-66986/387-66461,2
310410,187-850/277-9720/103-66986,20
310410,187-850/103-66986/94-66461,2
310410,81-850/73-5110,38
310410,81-850/344-66461/155-66986,1
310410,329-850/403-9720,86
310410,455-850/411-5110/116-66461,2
310410,455-850/411-5110/116-66461/495-66986,2
310410,238-850/227-5110/64-66461,8
310410,308-850/90-5110/89-66461/95-9820,1
310410,329-850/403-9720/409-66461/10-66986,3
310410,329-850/403-9720/409-66461/10-66986/58-5330,2
310410,415-850/439-52740/350-52941/295-53139,6
310410,416-850/85-9720/285-66461/15-5330,1
310410,416-850/85-9720/285-66461/15-5330/321-66986,1
310410,168-850/437-9720/449-66986/53-5330,1
310410,455-850/291-9720/495-66986,13
310410,182-850/315-52740/24-52941/270-53139,11
310410,182-850/315-52740/24-52941/270-53139/15-66986,4
310410,182-850/315-52740/24-52941/270-53139/15-66986/37-66461,4
310410,269-850/436-9720/421-66986,19
310410,168-850/437-9720/52-66461,15
310410,168-850/437-9720/52-66461/449-66986,4
310410,416-850/298-5110/285-66461,5
310410,416-850/298-5110/285-66461/321-66986,5
310410,124-850/404-9720/164-66986,3
310410,138-850/128-5110,10
310410,138-850/128-5110/36-66461,10
310410,308-850/36-66986/154-5110/394-66461,4
310410,308-850/36-66986/394-66461,12
310410,89-850/309-9720/155-66986,65
310410,89-850/155-66986/344-66461,60
310410,89-850/344-66461/155-66986,34
310410,89-850/344-66461,2
310410,489-5110/420-66986/427-850,15
310410,427-850/420-66986,3
310410,426-850/436-9720/421-66986,7
310410,426-850/421-66986/24-66461,7
310410,124-850/437-9720/449-66986,15
310410,124-850/449-66986/52-66461,14
310410,94-850/315-52740/24-52941/270-53139,69
310410,94-850/270-53139/24-52941/315-52740,8
310410,89-850/247-9820,13
310410,89-850/36-66986/154-5110/394-66461,1
310410,89-850/36-66986/394-66461,2
310410,136-850/351-5110,4
310410,60-850/276-9720/447-66461,3
310410,60-850/276-9720/447-66461/104-66986,2
310410,60-850/276-9720/447-66461/104-66986/396-9820,1
310410,60-850/276-9720,7
310410,60-850/377-5330,1
310410,283-850/383-66986/373-66461,4
310410,390-850/88-9720/199-66986,1
310410,390-850/199-66986/314-66461,1
310410,390-850/88-9720/131-9820,1
310410,94-850/15-66986/37-66461,30
310410,455-850/495-66986/116-66461,4
310410,124-850/52-66461/449-66986,10
310410,416-850/85-9720,55
310410,90-5110/170-850/386-66461,3
310410,170-850/90-5110/386-66461,11
310410,170-850/386-66461,14
310410,469-850/118-53139/61-52941/61-52740,15
310410,293-850/178-9720/500-66986,7
310410,293-850/178-9720/500-66986/306-66461,1
310410,293-850/178-9720/500-66986/306-66461/498-5330,1
310410,293-850/178-9720/500-66986/306-66461/498-5330/277-5110,1
310410,283-850/89-9720/383-66986/423-5110,2
310410,51-850/88-9720/218-66986,2
310410,51-850/88-9720/218-66986/53-66461,2
310410,51-850/88-9720/218-66986/53-66461/131-9820,2
310410,51-850/88-9720/218-66986/53-66461/131-9820/15-66986,1
310410,51-850/88-9720/218-66986/53-66461/131-9820/15-66986/37-66461,1
310410,51-850/15-66986/37-66461,1
310410,29-850/36-66986/154-5110/394-66461,22
310410,29-850/36-66986/394-66461,15
310410,27-5110/155-66986/89-850/344-66461,9
310410,251-5110/153-66986/384-850,5
310410,247-9820/309-9720/155-66986,5
310410,247-9820/155-66986/344-66461,7
310410,89-850/247-9820/155-66986/89-850,1
310410,94-850/315-52740/24-52941,1
310410,277-5110/500-66986/293-850,1
310410,187-850/103-66986,4
310410,171-850/311-9720/153-66986,19
310410,171-850/153-66986/387-66461,11
310410,171-850/103-66986,1
310410,171-850/311-9720/387-66461,4
310410,208-850/214-66986,1
310410,149-850/436-9720/421-66986,10
310410,149-850/421-66986/494-66461,2
310410,149-850/214-66986,1
310410,124-850/437-9720/52-66461,7
310410,80-5110/421-66986/149-850,7
310410,80-5110/421-66986/149-850/494-66461,5
310410,445-5110/449-66986/124-850,9
310410,416-850/285-66461,1
310410,491-850/285-66461/321-66986,1
310410,491-850/143-9820,1
310410,491-850/15-5330,1
310410,491-850/15-5330/143-9820,1
310410,251-5110/153-66986/171-850,4
310410,119-5110/10-66986/329-850,35
310410,416-850/298-5110/321-66986/85-9720,1
310410,416-850/298-5110/321-66986/85-9720/285-66461,1
310410,329-850/403-9720/94-9820/58-5330/10-66986/119-5110,3
310410,208-850/310-9720/154-66986/397-5110,2
310410,329-850/403-9720/58-5330,13
310410,329-850/403-9720/58-5330/10-66986,6
310410,329-850/403-9720/58-5330/10-66986/119-5110,4
310410,329-850/403-9720/409-66461/119-5110/10-66986,4
310410,329-850/403-9720/10-66986/58-5330,2
310410,409-66461/403-9720/10-66986/94-9820/329-850/58-5330,1
310410,285-66461/85-9720/321-66986/143-9820,1
310410,128-9820/209-9720/420-66986,2
310410,128-9820/420-66986/305-66461,2
310410,472-850/437-9720/52-66461,7
310410,472-850/52-66461/449-66986,14
310410,416-850/85-9720/180-66461,2
310410,416-850/85-9720/180-66461/298-5110,1
310410,416-850/85-9720/180-66461/298-5110/321-66986,1
310410,427-850/420-66986/305-66461,22
310410,445-5110/449-66986/472-850,8
310410,455-5110/214-66986/491-850,41
310410,491-850/214-66986/111-66461,9
310410,329-850/115-9820,38
310410,27-5110/155-66986/164-850,24
310410,200-9820/310-9720/154-66986,1
310410,200-9820/154-66986/289-66461,1
310410,164-850/197-5330/344-66461,8
310410,164-850/344-66461/155-66986,38
310410,329-850/403-9720/115-9820,21
310410,164-850/154-66986/289-66461,1
310410,471-850/436-9720/421-66986,18
310410,471-850/421-66986/24-66461,16
310410,471-850/154-66986/289-66461,1
310410,472-850/437-9720/449-66986,11
310410,472-850/449-66986/52-66461,9
310410,472-850/421-66986/24-66461,1
310410,472-850/421-66986/24-66461/321-66986,1
310410,472-850/180-66461/321-66986,2
310410,98-850/90-5110/386-66461,17
310410,98-850/386-66461,17
310410,98-850/118-53139/61-52941/61-52740,2
310410,416-850/180-66461/321-66986,37
310410,224-850/90-5110/89-66461,1
310410,224-850/89-66461,2
310410,417-850/437-9720/449-66986,7
310410,417-850/52-66461/449-66986,2
310410,417-850/437-9720/449-66986/53-5330,1
310410,411-5110/495-66986/455-850,19
310410,411-5110/495-66986/455-850/116-66461,11
310410,312-850/315-52740/24-52941/270-53139,10
310410,312-850/315-52740/24-52941/270-53139/15-66986,4
310410,312-850/315-52740/24-52941/270-53139/15-66986/37-66461,3
310410,305-850/436-9720/421-66986,7
310410,417-850/449-66986/52-66461,2
310410,445-5110/449-66986/417-850,4
310410,143-9820/285-66461/321-66986,11
310410,143-9820/416-850/85-9720/321-66986,2
310410,143-9820/416-850/85-9720/321-66986/285-66461,1
310410,347-9820/404-9720/164-66986,1
310410,347-9820/404-9720/164-66986/170-66461,1
310410,347-9820/164-66986/170-66461,1
310410,329-850/403-9720/409-66461/58-5330,14
310410,329-850/403-9720/409-66461/58-5330/10-66986,6
310410,122-850/90-5110/386-66461,10
310410,329-850/403-9720/409-66461/58-5330/119-5110,6
310410,329-850/403-9720/409-66461/58-5330/119-5110/10-66986,5
310410,416-850/85-9720/321-66986/15-5330,3
310410,416-850/85-9720/321-66986/15-5330/285-66461,1
310410,416-850/85-9720/321-66986/15-5330/285-66461/143-9820,1
310410,416-850/85-9720/321-66986/15-5330/285-66461/143-9820/298-5110,1
310410,123-850/310-9720/154-66986,2
310410,123-850/310-9720/154-66986/397-5110,1
310410,267-850/311-9720/387-66461,1
310410,168-850/437-9720/449-66986/445-5110,6
310410,427-850/209-9720/420-66986/435-9720/214-66986/277-9820,1
310410,416-850/15-5330/285-66461,3
310410,416-850/15-5330/285-66461/321-66986,3
310410,416-850/15-5330/285-66461/321-66986/143-9820,1
310410,90-5110/122-850/386-66461,2
310410,143-9820/85-9720/321-66986/416-850,1
310410,143-9820/85-9720/321-66986/416-850/285-66461,1
310410,143-9820/85-9720/321-66986/416-850/285-66461/298-5110,1
310410,143-9820/85-9720/321-66986/416-850/285-66461/298-5110/15-5330,1
310410,294-850/402-9720/480-66986,5
310410,294-850/195-66461/480-66986,9
310410,294-850/480-66986/195-66461,6
310410,478-850/230-5110/102-66461,2
310410,478-850/102-66461,4
310410,81-850/103-66986/496-66461,3
310410,456-850/311-9720/387-66461,5
310410,456-850/153-66986/387-66461,6
310410,456-850/247-9820,1
310410,456-850/197-5330/247-9820,1
310410,187-850/103-66986/496-66461,7
310410,201-850/276-9720/104-66986,15
310410,201-850/104-66986/447-66461,14
310410,201-850/276-9720/396-9820,1
310410,201-850/276-9720,19
310410,201-850/377-5330,3
310410,124-850/315-52740/24-52941/270-53139,19
310410,124-850/24-52941/315-52740/270-53139,6
310410,124-850/15-66986/230-66461,10
310410,124-850/24-52941/270-53139,2
310410,124-850/371-9820,1
310410,471-850/52-66461/449-66986,1
310410,80-5110/421-66986/471-850,11
310410,471-850/315-52740/24-52941/270-53139,1
310410,471-850/436-9720/24-66461,3
310410,471-850/24-66461/421-66986,2
310410,80-5110/421-66986/471-850/24-66461,5
310410,234-850/36-66986/394-66461,34
310410,234-850/394-66461/36-66986,24
310410,164-850/197-5330/344-66461/155-66986,4
310410,164-850/247-9820,31
310410,234-850/36-66986/394-66461/154-5110,11
310410,164-850/309-9720/155-66986,20
310410,164-850/155-66986/344-66461,23
310410,164-850/197-5330/247-9820,6
310410,154-5110/36-66986/234-850/394-66461,14
310410,234-850/394-66461,6
310410,234-850/36-66986/154-5110/394-66461,8
310410,164-850/309-9720/344-66461,13
310410,456-850/311-9720/153-66986,3
310410,427-850/420-66986/305-66461/155-66986,1
310410,427-850/344-66461/155-66986,1
310410,427-850/155-66986/344-66461,3
310410,164-850/309-9720/247-9820,12
310410,128-5110/36-66461,9
310410,140-5110/104-66986/201-850,5
310410,329-850/403-9720/40-9820,8
310410,329-850/40-9820,10
310410,35-850/471-5110,17
310410,204-850/402-9720/282-9820,1
310410,204-850/480-66986/195-66461,5
310410,115-850/230-5110/102-66461,9
310410,204-850/402-9720/480-66986,4
310410,204-850/102-66461,1
310410,187-850/103-66986/465-5110,2
310410,187-850/153-66986/387-66461,1
310410,225-850,3
310410,225-850/274-66986/71-66461,2
310410,60-850/383-66986/373-66461,1
310410,390-850,1
310410,94-850/315-52740/24-52941/270-53139/15-66986,27
310410,94-850/315-52740/24-52941/270-53139/15-66986/37-66461,21
310410,94-850/37-66461/15-66986,4
310410,335-850/90-5110/386-66461,4
310410,335-850/386-66461,3
310410,181-850/437-9720/52-66461,2
310410,181-850/52-66461/449-66986,2
310410,181-850/321-66986/285-66461,1
310410,181-850/143-9820,1
310410,227-5110/238-850/64-66461,4
310410,445-5110/449-66986/352-850,2
310410,416-850/143-9820/15-5330,2
310410,416-850/143-9820/15-5330/321-66986,1
310410,7-5110/164-66986/199-850,4
310410,199-850/404-9720/164-66986,9
310410,199-850/164-66986/170-66461,4
310410,489-5110/420-66986/427-850/305-66461,2
310410,94-850/24-52941/315-52740,2
310410,94-850/315-52740,2
310410,164-850/309-9720/344-66461/155-66986,1
310410,168-850/374-9820,1
310410,308-850/344-66461/155-66986,1
310410,143-9820/85-9720/285-66461,5
310410,298-5110/321-66986/416-850/449-66986/168-850,1
310410,427-850/420-66986/316-66461,23
310410,171-850/387-66461/153-66986,2
310410,329-850/403-9720/58-5330/409-66461,4
310410,329-850/403-9720/58-5330/409-66461/10-66986,2
310410,329-850/403-9720/58-5330/409-66461/10-66986/119-5110,1
310410,123-850/321-66986/416-850,1
310410,89-850/27-5110/344-66461,6
310410,89-850/27-5110/344-66461/155-66986,5
310410,445-5110/449-66986/124-850/52-66461,3
310410,203-9820/209-9720/420-66986,5
310410,203-9820/420-66986,3
310410,33-9820/181-9720/461-66986,1
310410,33-9820/461-66986/438-66461,1
310410,143-9820/85-9720/321-66986/285-66461,2
310410,247-9820/309-9720/155-66986/344-66461,2
310410,344-66461/309-9720/155-66986/247-9820/89-850,1
310410,377-5330/104-66986/60-850,1
310410,51-5330/420-66986/427-850,1
310410,267-850/311-9720/153-66986,5
310410,267-850/153-66986/387-66461,2
310410,251-5110/153-66986/267-850,3
310410,471-5110/35-850,28
310410,115-850/230-5110,7
310410,210-850/402-9720/195-66461,5
310410,210-850/480-66986/195-66461,18
310410,89-850/309-9720/155-66986/344-66461,7
310410,89-850/309-9720/155-66986/344-66461/247-9820,4
310410,489-5110/420-66986/427-850/316-66461,3
310410,455-5110/214-66986/491-850/305-66461,4
310410,149-850/436-9720/421-66986/80-5110,2
310410,416-850/85-9720/321-66986/285-66461/298-5110,2
310410,416-850/85-9720/321-66986/285-66461/298-5110/143-9820,2
310410,437-850/436-9720/421-66986,3
310410,437-850/421-66986/24-66461,6
310410,437-850/52-66461/449-66986,2
310410,277-9820/435-9720/214-66986,3
310410,277-9820/435-9720/214-66986/111-66461,1
310410,277-9820/214-66986/111-66461,2
310410,277-9820/214-66986/111-66461/309-9720/155-66986,1
310410,277-9820/344-66461/155-66986,1
310410,277-9820/154-66986/289-66461,1
310410,277-9820/115-9820,1
310410,294-850/409-66461/10-66986,1
310410,294-850/153-66986/387-66461,1
310410,294-850/344-66461/155-66986,2
310410,294-850/155-66986/344-66461,2
310410,294-850/394-66461/36-66986,1
310410,294-850/247-9820,1
310410,164-850/153-66986/387-66461,1
310410,251-5110/153-66986/258-850,2
310410,35-850/115-9820,1
310410,294-850/282-9820,8
310410,70-850/230-5110/102-66461,4
310410,70-850/102-66461,4
310410,70-850/282-9820,1
310410,70-850/195-66461/480-66986,1
310410,294-850/102-66461,2
310410,258-850/311-9720/387-66461,1
310410,258-850/387-66461/153-66986,1
310410,140-5110/104-66986/201-850/447-66461,1
310410,201-850/396-9820,5
310410,384-850/153-66986/387-66461,11
310410,384-850/153-66986/387-66461/155-66986,1
310410,384-850/398-66461/155-66986,1
310410,15-850/36-66986/394-66461,24
310410,15-850/36-66986/394-66461/154-5110,7
310410,15-850/36-66986/154-5110/394-66461,5
310410,283-850/383-66986/405-66461,2
310410,306-66461/178-9720/500-66986/212-9820,2
310410,293-850/500-66986/306-66461,4
310410,89-850/155-66986/398-66461,1
310410,89-850/398-66461,1
310410,260-850/435-9720/214-66986,4
310410,260-850/435-9720/214-66986/455-5110,1
310410,89-850/309-9720/155-66986/398-66461,1
310410,89-850/309-9720/155-66986/398-66461/247-9820,1
310410,455-5110/214-66986/260-850,4
310410,455-5110/214-66986/260-850/198-66461,2
310410,210-850/402-9720/480-66986,12
310410,210-850/195-66461/480-66986,17
310410,199-850/164-66986,1
310410,416-850/285-66461/321-66986/94-9820,1
310410,416-850/94-9820,2
310410,416-850/403-9720/94-9820,1
310410,416-850/403-9720/94-9820/58-5330,1
310410,416-850/403-9720/94-9820/58-5330/119-5110,1
310410,416-850/403-9720/94-9820/58-5330/119-5110/10-66986,1
310410,230-5110/115-850/102-66461,1
310410,119-5110/10-66986/329-850/409-66461,2
310410,210-850/402-9720/282-9820,9
310410,210-850/402-9720/282-9820/66-5110,1
310410,210-850/402-9720/282-9820/66-5110/195-66461,1
310410,210-850/402-9720/282-9820/66-5110/195-66461/480-66986,1
310410,279-850,2
310410,60-850/104-66986/140-5110,1
310410,60-850/104-66986/140-5110/447-66461,1
310410,60-850/104-66986/140-5110/447-66461/396-9820,1
310410,426-850/88-9720/199-66986,1
310410,426-850/88-9720/199-66986/431-66461,1
310410,283-850/89-9720/383-66986/178-5330,4
310410,283-850/89-9720/383-66986/178-5330/315-52740/24-52941/270-53139,1
310410,283-850/89-9720/383-66986/178-5330/315-52740/24-52941/270-53139/15-66986,1
310410,283-850/89-9720/383-66986/178-5330/315-52740/24-52941/270-53139/15-66986/94-850,1
310410,426-850,1
310410,29-850/36-66986/154-5110/394-66461/36-66461,1
310410,319-66461/351-5110,1
310410,154-5110/36-66986/308-850/394-66461,1
310410,89-850/197-5330/344-66461,5
310410,89-850/197-5330/344-66461/155-66986,4
310410,89-850/27-5110/247-9820,2
310410,60-850/396-9820,3
310410,164-850/247-9820/309-9720/247-9820,1
310410,164-850/27-5110/344-66461,7
310410,238-850/64-66461,7
310410,455-850/411-5110,1
310410,124-850/24-52941/270-53139/315-52740,1
310410,124-850/270-53139,1
310410,234-850/247-9820,1
310410,234-850/344-66461/155-66986,1
310410,164-850/309-9720,3
310410,124-850/421-66986/24-66461,1
310410,471-850/449-66986/52-66461,3
310410,427-850/420-66986/305-66461/36-66986,1
310410,427-850/420-66986/305-66461/36-66986/154-5110,1
310410,427-850/36-66986/394-66461,1
310410,437-850/36-66986/154-5110/394-66461,5
310410,437-850/394-66461/36-66986,5
310410,455-850/371-9820/15-66986,1
310410,455-850/371-9820/15-66986/37-66461,1
310410,455-850/37-66461/15-66986,3
310410,455-850/15-66986/37-66461,8
310410,455-850/37-66461,2
310410,89-850/155-66986/197-5330,9
310410,472-850/449-66986,1
310410,455-850/411-5110/371-9820,1
310410,445-5110/449-66986/472-850/52-66461,2
310410,90-5110/98-850/386-66461,2
310410,98-850/118-53139/61-52941/61-52740/321-66986,1
310410,79-850/439-52740/350-52941/295-53139,3
310410,416-850/298-5110/180-66461,1
310410,416-850/298-5110/180-66461/321-66986,1
310410,416-850/439-52740/350-52941/295-53139,2
310410,416-850/439-52740/350-52941/295-53139/321-66986,1
310410,29-850/36-66986/394-66461/154-5110,3
310410,435-850,1
310410,168-850/449-66986/445-5110,1
310410,168-850/155-66986/344-66461,1
310410,168-850/420-66986/316-66461,1
310410,168-850/285-66461/321-66986,1
310410,80-5110/421-66986/335-850,3
310410,335-850/436-9720/494-66461,1
310410,427-850/209-9720/420-66986/316-66461,4
310410,427-850/209-9720/420-66986/316-66461/68-9820,1
310410,60-850/276-9720/396-9820,1
310410,29-850/394-66461/36-66986,14
310410,94-850/15-66986/37-66461/436-9720/421-66986,1
310410,94-850/421-66986/494-66461,1
310410,94-850/24-52941/315-52740/270-53139,4
310410,94-850/24-52941,10
310410,94-850/15-66986,1
310410,416-850/298-5110/321-66986/285-66461,2
310410,416-850/298-5110/321-66986/285-66461/143-9820,2
310410,269-850/436-9720/421-66986/494-66461,1
310410,269-850/436-9720/421-66986/494-66461/247-5330,1
310410,80-5110/421-66986/269-850,3
310410,269-850/421-66986/494-66461,9
310410,182-850/24-52941,2
310410,182-850/270-53139/24-52941,1
310410,182-850/495-66986/116-66461,1
310410,182-850/449-66986/52-66461,1
310410,182-850/437-9720/52-66461,1
310410,182-850/437-9720/52-66461/449-66986,1
310410,182-850/437-9720/52-66461/449-66986/53-5330,1
310410,329-850/403-9720/58-5330/10-66986/119-5110/409-66461,1
310410,329-850/403-9720/94-9820/58-5330/10-66986/119-5110/409-66461,1
310410,168-850/437-9720/52-66461/449-66986/53-5330,2
310410,455-850/291-9720/495-66986/116-66461,1
310410,15-850/394-66461/36-66986,11
310410,15-850/394-66461,2
310410,154-5110/36-66986/15-850/394-66461,2
310410,94-850/437-9720/449-66986/445-5110,1
310410,269-850/436-9720/421-66986/80-5110,3
310410,269-850/436-9720/421-66986/80-5110/247-5330,1
310410,269-850/436-9720/421-66986/80-5110/247-5330/494-66461,1
310410,269-850/436-9720/421-66986/80-5110/247-5330/494-66461/66-9820,1
310410,179-850/315-52740/24-52941/270-53139/15-66986,1
310410,179-850/315-52740/24-52941/270-53139/15-66986/37-66461,1
310410,269-850/436-9720/494-66461,3
310410,269-850/436-9720/494-66461/247-5330,1
310410,269-850/436-9720/494-66461/247-5330/421-66986,1
310410,89-850/153-66986/387-66461,2
310410,89-850/409-66461/10-66986,1
310410,89-850/94-9820,2
310410,89-850/94-9820/58-5330,1
310410,89-850/309-9720/344-66461/247-9820,2
310410,89-850/309-9720/344-66461/247-9820/155-66986,1
310410,94-850/24-52941/270-53139,2
310410,329-850/403-9720/58-5330/409-66461/94-9820,1
310410,329-850/403-9720/58-5330/409-66461/94-9820/10-66986,1
310410,329-850/403-9720/58-5330/409-66461/94-9820/10-66986/119-5110,1
310410,52-66461/437-9720/449-66986/374-9820/124-850,3
310410,52-66461/437-9720/449-66986/374-9820/124-850/53-5330,2
310410,494-66461/436-9720/421-66986/66-9820,3
310410,124-850/53-5330/52-66461,1
310410,124-850/53-5330/52-66461/449-66986,1
310410,335-850/270-53139/24-52941,1
310410,455-850/116-66461/495-66986,1
310410,168-850/437-9720/449-66986/52-66461,1
310410,90-5110/308-850/89-66461,4
310410,94-850/315-52740/24-52941/270-53139/15-66986/37-66461/495-66986/455-850,2
310410,94-850/315-52740/24-52941/270-53139/15-66986/37-66461/495-66986/455-850/116-66461,1
310410,80-5110/421-66986/335-850/494-66461,2
310410,52-66461/437-9720/449-66986/374-9820/168-850/53-5330,3
310410,329-850/403-9720/94-9820/10-66986/58-5330/119-5110,1
310410,329-850/403-9720/94-9820/10-66986/58-5330/119-5110/409-66461,1
310410,329-850/10-66986/409-66461,8
310410,491-850/435-9720/214-66986/202-5330,3
310410,168-850/437-9720/449-66986/445-5110/53-5330,2
310410,168-850/437-9720/449-66986/445-5110/53-5330/52-66461,1
310410,168-850/437-9720/449-66986/445-5110/53-5330/52-66461/374-9820,1
310410,29-850/36-66986/154-5110/394-66461/449-66986/168-850,1
310410,329-850/403-9720/10-66986/58-5330/119-5110,1
310410,329-850/403-9720/10-66986/58-5330/119-5110/94-9820,1
310410,329-850/403-9720/10-66986/58-5330/119-5110/94-9820/409-66461,1
310410,143-9820/321-66986,5
310410,143-9820/321-66986/85-9720/321-66986,1
310410,143-9820/321-66986/85-9720/321-66986/285-66461,1
310410,298-5110/321-66986/416-850/321-66986/416-850,1
310410,329-850/409-66461,1
310410,143-9820/289-66461,1
310410,143-9820/154-66986/289-66461,1
310410,329-850/403-9720/40-9820/10-66986,1
310410,171-850/251-5110/387-66461,1
310410,171-850/251-5110/387-66461/153-66986,1
310410,251-5110/153-66986/171-850/387-66461,2
310410,329-850/403-9720/119-5110,1
310410,329-850/403-9720/119-5110/409-66461,1
310410,329-850/403-9720/119-5110/409-66461/10-66986,1
310410,495-850/439-52740/350-52941/295-53139,1
310410,115-850/102-66461,14
310410,210-850/282-9820,10
310410,210-850/402-9720,1
310410,94-9820/403-9720/10-66986,3
310410,94-9820/10-66986/409-66461,9
310410,94-9820/403-9720/10-66986/409-66461,1
310410,208-850/310-9720/154-66986/195-5330,2
310410,208-850/310-9720/154-66986/195-5330/397-5110,1
310410,329-850/214-66986,1
310410,29-9820/209-9720/420-66986,2
310410,29-9820/420-66986/316-66461,2
310410,427-850/94-9820,2
310410,427-850/270-53139/24-52941/315-52740,1
310410,182-850/24-52941/315-52740/270-53139,1
310410,427-850/270-53139/24-52941,1
310410,427-850/421-66986/494-66461,2
310410,427-850/24-52941/270-53139,2
310410,427-850/24-52941/270-53139/15-66986,1
310410,427-850/24-52941/270-53139/15-66986/37-66461,1
310410,427-850/24-52941/270-53139/15-66986/37-66461/89-9720/383-66986,1
310410,121-850/36-66986/154-5110/394-66461,3
310410,201-850/447-66461,1
310410,201-850/276-9720/274-66986/384-850,1
310410,42-850/199-66986/482-66461,1
310410,94-850/315-52740/24-52941/270-53139/15-66986/234-66461,4
310410,251-5110/153-66986/255-850,6
310410,66-5110/480-66986/294-850,1
310410,471-850/436-9720/421-66986/80-5110,1
310410,94-850/315-52740/24-52941/270-53139/15-66986/234-66461/420-66986/427-850,1
310410,94-850/315-52740/24-52941/270-53139/15-66986/234-66461/420-66986/427-850/305-66461,1
310410,122-850/386-66461,2
310410,329-850/403-9720/409-66461/58-5330/10-66986/119-5110,2
310410,329-850/403-9720/409-66461/58-5330/10-66986/119-5110/94-9820,1
310410,168-850/53-5330/52-66461/449-66986/445-5110,1
310410,238-850/227-5110/64-66461/226-9820,1
310410,89-850/309-9720/155-66986/344-66461/247-9820/197-5330,1
310410,98-850/95-9820,1
310410,98-850/95-9820/85-9720/321-66986/143-9820,1
310410,98-850/95-9820/85-9720/321-66986/143-9820/416-850,1
310410,258-850/311-9720/153-66986,3
310410,258-850/153-66986/387-66461,3
310410,258-850/154-66986/289-66461,1
310410,123-850/154-66986/208-850/289-66461,1
310410,143-9820/85-9720/180-66461,1
310410,143-9820/180-66461/321-66986,1
310410,143-9820/85-9720,2
310410,143-9820/85-9720/15-5330,1
310410,143-9820/298-5110,1
310410,437-850/436-9720/24-66461,2
310410,472-850/154-66986/289-66461,1
310410,472-850/154-66986,1
310410,164-850/27-5110/344-66461/155-66986,5
310410,472-850/52-66461/449-66986/52-66461,2
310410,472-850/445-5110/52-66461,1
310410,416-850/321-66986/298-5110,2
310410,416-850/321-66986,1
310410,181-850/437-9720/449-66986,1
310410,181-850/449-66986/52-66461,1
310410,181-850/24-66461/421-66986,1
310410,181-850/270-53139/24-52941,1
310410,181-850/24-52941/315-52740/270-53139,1
310410,329-850/214-66986/305-66461,1
310410,455-5110/247-9820,2
310410,203-9820/420-66986/316-66461,3
310410,89-850/154-66986/289-66461,3
310410,89-850/154-66986/289-66461/154-66986/208-850,1
310410,329-850/195-66461/480-66986,2
310410,329-850/40-9820/155-66986/89-850,1
310410,89-850/344-66461/155-66986/155-66986/89-850,1
310410,89-850/344-66461/155-66986/155-66986/89-850/344-66461,1
310410,154-5110/36-66986/437-850/394-66461,1
310410,89-850/309-9720/247-9820,1
310410,89-850/309-9720/247-9820/344-66461,1
310410,455-850/291-9720/116-66461,1
310410,416-850/285-66461/321-66986/321-66986,1
310410,52-66461/437-9720/449-66986/374-9820/124-850/445-5110,1
310410,52-66461/437-9720/449-66986/374-9820/124-850/445-5110/53-5330,1
310410,289-66461/310-9720/154-66986/263-9820,1
310410,89-850/155-66986/27-5110,3
310410,255-850/311-9720/387-66461,1
310410,255-850/387-66461/153-66986,1
310410,255-850,1
310410,255-850/49-5330/387-66461/153-66986,1
310410,210-850/409-66461/10-66986,1
310410,455-850/291-9720/371-9820,3
310410,94-850/270-53139/24-52941,2
310410,394-66461/36-66986/308-850/154-5110,1
310410,210-850/450-5330/282-9820,1
310410,124-850/374-9820,1
310410,308-850/36-66986/394-66461/154-5110,2
310410,308-850/394-66461/36-66986,1
310410,329-850/403-9720/115-9820/58-5330,1
310410,329-850/403-9720/115-9820/58-5330/10-66986,1
310410,329-850/403-9720/115-9820/58-5330/10-66986/119-5110,1
310410,329-850/403-9720/115-9820/58-5330/10-66986/119-5110/409-66461,1
310410,472-850/371-9820,1
310410,472-850/371-9820/15-66986,1
310410,24-66461/436-9720/421-66986/66-9820,2
310410,437-850/321-66986/180-66461,1
310410,437-850/416-850,2
310410,427-850/420-66986/496-66461,6
310410,312-850/270-53139/24-52941,1
310410,312-850/15-66986/37-66461,2
310410,37-66461/315-52740/24-52941/270-53139/15-66986/312-850,1
310410,394-66461/36-66986/15-850/154-5110,1
310410,398-66461/309-9720/155-66986/247-9820,1
310410,210-850/402-9720/195-66461/66-5110,1
310410,210-850/402-9720/195-66461/66-5110/480-66986,1
310410,115-850/275-5110/102-66461,2
310410,58-9820/325-9720/448-66986,1
310410,58-9820/448-66986/118-66461,1
310410,58-9820/43-850,1
310410,52-5110,2
310410,305-850/436-9720/421-66986/80-5110,1
310410,312-850/315-52740/24-52941/270-53139/15-66986/37-66461/495-66986/455-850,1
310410,312-850/315-52740/24-52941/270-53139/15-66986/37-66461/495-66986/455-850/116-66461,1
310410,445-5110/449-66986/417-850/52-66461,1
310410,445-5110/321-66986,3
310410,445-5110/321-66986/321-66986/416-850,1
310410,491-850/449-66986/52-66461,3
310410,445-5110/449-66986/94-850,4
310410,44-850/89-66461,1
310410,445-5110/449-66986/94-850/52-66461,1
310410,143-9820/449-66986/94-850,1
310410,27-5110/103-66986/94-66461,1
310410,293-850/178-9720/500-66986/277-5110,1
310410,15-850/36-66986,1
310410,15-850/36-66986/154-5110,1
310410,491-850/420-66986/316-66461,3
310410,491-850/29-9820,1
310410,491-850/29-9820/36-66986,1
310410,15-850/315-52740/24-52941/270-53139,1
310410,15-850/315-52740/24-52941/270-53139/421-66986/269-850,1
310410,179-850/315-52740/24-52941,1
310410,179-850/421-66986/494-66461,1
310410,405-66461,1
310410,471-850/421-66986/24-66461/311-9720/387-66461,1
310410,60-850/276-9720/104-66986/447-66461,7
310410,60-850/276-9720/104-66986/447-66461/396-9820,7
310410,255-850/36-66986/154-5110/394-66461,3
310410,255-850/36-66986/394-66461,3
310410,154-5110/36-66986/255-850/394-66461,3
310410,329-850/40-9820/403-9720,1
310410,66-9820/436-9720/421-66986,1
310410,66-9820/436-9720/421-66986/24-66461,1
310410,66-9820/421-66986/24-66461,1
310410,374-9820/437-9720/449-66986,1
310410,374-9820/437-9720/449-66986/52-66461,1
310410,374-9820/449-66986/52-66461,2
310410,374-9820/421-66986/24-66461,1
310410,374-9820/436-9720/421-66986,1
310410,455-850/495-66986/274-5330,1
310410,124-850/437-9720/449-66986/53-5330,2
310410,416-850/143-9820/15-5330/285-66461,1
310410,121-850/439-52740/350-52941/295-53139,2
310410,121-850/295-53139/350-52941/439-52740,1
310410,179-850/90-5110/386-66461,5
310410,124-850/437-9720/52-66461/449-66986,1
310410,124-850/437-9720/52-66461/449-66986/445-5110,1
310410,124-850/437-9720/449-66986/445-5110,3
310410,179-850/386-66461,1
310410,179-850/118-53139/61-52941/61-52740,1
310410,179-850/90-5110/386-66461/95-9820,1
310410,121-850/36-66986/394-66461,5
310410,182-850/24-52941/270-53139,3
310410,182-850/24-52941/270-53139/15-66986,1
310410,182-850/24-52941/270-53139/15-66986/37-66461,1
310410,329-850/403-9720/94-9820/58-5330/119-5110,1
310410,329-850/403-9720/94-9820/58-5330/119-5110/10-66986,1
310410,329-850/403-9720/94-9820/58-5330/119-5110/10-66986/409-66461,1
310410,416-850/15-5330/321-66986/416-850,1
310410,455-5110/214-66986/491-850/111-66461,1
310410,164-850/27-5110/247-9820,1
310410,447-850/58-9720/221-66986,1
310410,329-850/344-66461/155-66986,2
310410,344-66461/309-9720/155-66986/247-9820/344-66461,1
310410,344-66461/155-66986/344-66461,1
310410,53-5330/449-66986/94-850,1
310410,53-5330/449-66986/94-850/52-66461,1
310410,53-5330/449-66986/94-850/52-66461/374-9820,1
310410,89-850/214-66986/305-66461,1
310410,89-850/449-66986/52-66461,1
310410,445-5110/449-66986/181-850,3
310410,445-5110/449-66986/181-850/52-66461,1
310410,445-5110/421-66986/24-66461,1
310410,445-5110/285-66461/321-66986,1
310410,89-850/344-66461/155-66986/52-66461,1
310410,416-850/344-66461/155-66986,1
310410,143-9820/449-66986/52-66461,1
310410,143-9820/449-66986/52-66461/155-66986/89-850,1
310410,60-850/104-66986/377-5330,1
310410,140-5110/104-66986/60-850/447-66461/36-66986/437-850/394-66461,1
310410,491-850/214-66986/305-66461,5
310410,181-850/52-66461/449-66986/155-66986/89-850,1
310410,138-850/276-9720/104-66986,1
310410,138-850/104-66986/447-66461,2
310410,138-850/276-9720/396-9820,1
310410,225-850/178-9720/274-66986,1
310410,329-850/403-9720/94-9820/58-5330/409-66461,1
310410,329-850/403-9720/94-9820/58-5330/409-66461/10-66986,1
310410,329-850/403-9720/94-9820/58-5330/409-66461/10-66986/119-5110,1
310410,377-850/421-66986/494-66461,1
310410,377-850/421-66986/494-66461/247-5330,1
310410,377-850/421-66986/494-66461/247-5330/494-66461,1
310410,80-5110/421-66986/377-850,1
310410,80-5110/421-66986/377-850/494-66461,1
310410,64-66461/238-850/227-5110,1
310410,64-66461/238-850/227-5110/226-9820,1
310410,304-66461/234-850/360-5110,1
310410,304-66461/234-850/360-5110/137-9820,1
310410,210-850/66-5110/282-9820,1
310410,210-850/66-5110/282-9820/480-66986,1
310410,52-5110/448-66986/43-850/118-66461,2
310410,180-850/182-9720/460-66986,6
310410,180-850/460-66986/127-66461,8
310410,447-850/54-5330,2
310410,384-850/153-66986,2
310410,368-850/285-52941,3
310410,368-850/255-52740/285-52941/341-53139,2
310410,81-850/153-66986,1
310410,293-850/178-9720/500-66986/498-5330,2
310410,293-850/178-9720/500-66986/498-5330/277-5110,2
310410,293-850/178-9720/500-66986/498-5330/277-5110/212-9820,1
310410,293-850/178-9720/500-66986/498-5330/277-5110/212-9820/306-66461,1
310410,60-850/447-66461/104-66986,1
310410,329-850/153-66986,1
310410,329-850/311-9720/153-66986,1
310410,329-850/403-9720/94-9820/119-5110,2
310410,329-850/403-9720/94-9820/119-5110/10-66986,1
310410,66-5110/480-66986/210-850,1
310410,94-9820/10-66986/409-66461/387-66461,1
310410,94-9820/153-66986/387-66461,1
310410,94-9820/153-66986/387-66461/409-66461,1
310410,94-9820/10-66986/409-66461/118-66461,1
310410,94-9820/448-66986/118-66461,1
310410,94-9820/448-66986/118-66461/409-66461,1
310410,81-850/103-66986/94-66461,1
310410,81-850/10-66986/409-66461,1
310410,329-850/154-66986/289-66461,1
310410,416-850/403-9720/409-66461,1
310410,416-850/403-9720/409-66461/10-66986,1
310410,416-850/403-9720/409-66461/10-66986/58-5330,1
310410,416-850/403-9720/409-66461/10-66986/58-5330/119-5110,1
310410,329-850/403-9720/409-66461/58-5330/94-9820,1
310410,329-850/403-9720/409-66461/58-5330/94-9820/10-66986,1
310410,329-850/403-9720/409-66461/58-5330/94-9820/10-66986/119-5110,1
310410,60-850/140-5110/447-66461,1
310410,60-850/140-5110/447-66461/104-66986,1
310410,51-850/88-9720/199-66986,1
310410,51-850/88-9720/199-66986/290-66461,1
310410,51-850/88-9720/199-66986/290-66461/131-9820,1
310410,89-850/155-66986/344-66461/344-66461,1
310410,329-850/403-9720/409-66461/10-66986/58-5330/94-9820,1
310410,329-850/403-9720/409-66461/10-66986/58-5330/94-9820/119-5110,1
310410,417-850/494-66461/421-66986,1
310410,312-850,1
310410,305-850,1
310410,305-850/421-66986/494-66461,2
310410,89-850/398-66461/155-66986,3
310410,15-850/36-66986/394-66461/136-850,1
310410,15-850/36-66986/394-66461/136-850/319-66461,1
310410,136-850/6-5110,1
310410,140-5110/104-66986/60-850/104-66986/60-850,1
310410,80-5110/421-66986/305-850,1
310410,305-850/494-66461/421-66986,1
310410,89-850/27-5110/398-66461,1
310410,260-850/214-66986/198-66461,1
310410,455-5110/214-66986/260-850/198-66461/289-66461,1
310410,367-850/404-9720/170-66461,1
310410,123-850/15-5330,1
310410,123-850/285-66461/321-66986,1
310410,123-850/143-9820,2
310410,90-5110/122-850/413-66461,2
310410,122-850/90-5110/413-66461,3
310410,122-850/413-66461,3
310410,277-9820/435-9720/214-66986/305-66461,1
310410,277-9820/214-66986/305-66461,2
310410,203-9820/209-9720/420-66986/316-66461,1
310410,329-850/403-9720/58-5330/10-66986/119-5110/94-9820,1
310410,427-850/420-66986/316-66461/309-9720/155-66986,1
310410,427-850/409-66461/10-66986,1
310410,29-850/36-66986/154-5110/394-66461/498-5330,1
310410,29-850/36-66986/154-5110/394-66461/498-5330/277-5110,1
310410,168-850/437-9720/52-66461/445-5110,1
310410,168-850/437-9720/52-66461/445-5110/449-66986,1
310410,168-850/437-9720/52-66461/445-5110/449-66986/53-5330,1
310410,269-850/436-9720/421-66986/247-5330,1
310410,168-850/437-9720/52-66461/53-5330,1
310410,168-850/437-9720/52-66461/53-5330/449-66986,1
310410,427-850/209-9720/420-66986/316-66461/29-9820,1
310410,208-850/310-9720/154-66986/321-66986,1
310410,208-850/285-66461/321-66986,1
310410,123-850/421-66986/269-850,1
310410,469-850/61-53140/61-53341/118-53539,2
310410,29-9820/209-9720/420-66986/316-66461,1
310410,29-9820/427-850,1
310410,89-850/104-66986/447-66461,1
310410,89-850/103-66986,1
310410,60-850/155-66986/344-66461,2
310410,60-850/309-9720/155-66986,1
310410,27-5110/344-66461/155-66986,2
310410,491-850/52-66461/449-66986,1
310410,308-850/449-66986/52-66461,1
310410,308-850/437-9720/449-66986,1
310410,329-850/403-9720/409-66461/58-5330/115-9820,1
310410,329-850/403-9720/409-66461/58-5330/115-9820/10-66986,1
310410,416-850/15-5330/321-66986/85-9720,1
310410,416-850/15-5330/321-66986/85-9720/298-5110,1
310410,416-850/15-5330/321-66986/85-9720/298-5110/180-66461,1
310410,445-5110/449-66986/352-850/437-9720/52-66461,1
310410,94-850/116-66461/495-66986,1
310410,168-850/437-9720,1
310410,143-9820/85-9720/321-66986/285-66461/15-5330,1
310410,143-9820/85-9720/321-66986/285-66461/15-5330/298-5110,1
310410,143-9820/85-9720/321-66986/285-66461/15-5330/298-5110/416-850,1
310410,89-66461/308-850/90-5110,1
310410,456-850/387-66461/153-66986,3
310410,456-850/387-66461/153-66986/311-9720/153-66986,1
310410,294-850/402-9720/195-66461,1
310410,251-5110/153-66986/267-850/310-9720/154-66986,1
310410,89-850/309-9720/398-66461,2
310410,81-850/73-5110/342-9820,1
310410,81-850/342-9820,1
310410,115-850/103-66986/232-66461,1
310410,210-850/402-9720/282-9820/195-66461,1
310410,119-5110/10-66986/329-850/153-66986/384-850,1
310410,164-850/155-66986,1
310410,164-850/420-66986/305-66461,3
310410,230-66461/315-52740/24-52941/270-53139,1
310410,230-66461/315-52740/24-52941/270-53139/15-66986,1
310410,230-66461/315-52740/24-52941/270-53139/15-66986/124-850,1
310410,472-850/143-9820,4
310410,416-850/85-9720/321-66986/298-5110,2
310410,94-850/315-52740/24-52941/270-53139/495-66986/455-850,2
310410,147-850/86-9720/187-66986,1
310410,238-850/449-66986/52-66461,1
310410,455-850/270-53139/24-52941/315-52740,1
310410,37-66461/315-52740/24-52941/270-53139/94-850,1
310410,329-850/403-9720/58-5330/94-9820,1
310410,329-850/403-9720/58-5330/94-9820/10-66986,1
310410,329-850/403-9720/58-5330/94-9820/10-66986/119-5110,1
310410,43-850/325-9720/448-66986,2
310410,43-850/448-66986/118-66461,2
310410,223-850/377-66986/435-5110,1
310410,368-850/341-53139,1
310410,124-850/164-66986,1
310410,416-850/285-52941/341-53139/255-52740,1
310410,416-850/341-53139/285-52941/255-52740,1
310410,416-850/341-53139/285-52941/255-52740/321-66986,1
310410,416-850/409-66461/10-66986,1
310410,35-850/409-66461/10-66986,2
310410,35-850/403-9720/10-66986,1
310410,35-850/403-9720/10-66986/119-5110,1
310410,384-850/311-9720/153-66986/387-66461,1
310410,298-5110/321-66986/416-850/285-66461,2
310410,416-850/15-5330/180-66461,2
310410,416-850/15-5330/180-66461/321-66986,2
310410,123-850/154-66986/289-66461,1
310410,416-850/298-5110/143-9820,1
310410,416-850/85-9720/143-9820,1
310410,116-850/439-52740/350-52941/295-53139,3
310410,211-850/404-9720/164-66986,1
310410,211-850/164-66986/170-66461,1
310410,294-850/66-5110/282-9820,1
310410,251-5110/153-66986/456-850,1
310410,456-850/155-66986/344-66461,1
310410,124-850/315-52740/24-52941/270-53139/15-66986,1
310410,124-850/315-52740/24-52941/270-53139/15-66986/230-66461,1
310410,491-850/344-66461/155-66986,1
310410,277-5110/274-66986/435-850,1
310410,435-850/178-9720/274-66986,1
310410,435-850/274-66986/71-66461,1
310410,94-850/421-66986/24-66461,1
310410,199-850/40-9820,1
310410,199-850/403-9720,1
310410,199-850/403-9720/10-66986,1
310410,471-850/436-9720/421-66986/247-5330,1
310410,455-850/291-9720/371-9820/495-66986,2
310410,238-850/227-5110/64-66461/67-9820,1
310410,255-850/394-66461,1
310410,255-850/394-66461/36-66986,1
310410,255-850/394-66461/36-66986/154-5110,1
310410,89-850/155-66986/27-5110/344-66461,1
310410,89-850/155-66986/27-5110/344-66461/247-9820,1
310410,89-850/155-66986/27-5110/344-66461/247-9820/197-5330,1
310410,329-850/403-9720/10-66986/119-5110/58-5330,1
310410,329-850/403-9720/10-66986/119-5110/58-5330/409-66461,1
310410,329-850/403-9720/10-66986/119-5110/58-5330/409-66461/40-9820,1
310410,124-850/420-66986/316-66461,1
310410,124-850/209-9720/420-66986,1
310410,124-850/437-9720/52-66461/53-5330,1
310410,124-850/437-9720/52-66461/53-5330/449-66986,1
310410,124-850/230-5110/102-66461,1
310410,124-850/102-66461,1
310410,124-850/409-66461/10-66986,2
310410,124-850/115-9820,1
310410,255-850/155-66986/344-66461,1
310410,94-850/315-52740/24-52941/270-53139/234-66461,1
310410,94-850/315-52740/24-52941/270-53139/234-66461/15-66986,1
310410,471-850/436-9720/66-9820,1
310410,471-850/436-9720/66-9820/24-66461,1
310410,471-850/436-9720/66-9820/24-66461/421-66986,1
310410,471-850/436-9720/66-9820/24-66461/421-66986/247-5330,1
310410,455-850/274-5330/371-9820/495-66986,1
310410,352-850/437-9720/449-66986,1
310410,352-850/437-9720/449-66986/53-5330,1
310410,182-850/270-53139,1
310410,89-850/247-9820/309-9720/155-66986,1
310410,329-850/409-66461/10-66986/402-9720/195-66461,1
310410,329-850/282-9820,1
310410,115-850/282-9820,1
310410,115-850/195-66461/480-66986,1
310410,35-850/153-66986/387-66461,2
310410,182-850/15-66986/37-66461,1
310410,182-850/15-66986/37-66461/53-66461,1
310410,283-850/89-9720/383-66986/278-9820,1
310410,306-66461/178-9720/500-66986/212-9820/293-850,1
310410,306-66461/178-9720/500-66986/212-9820/293-850/498-5330,1
310410,149-850/494-66461/421-66986,1
310410,149-850/436-9720/494-66461,1
310410,94-850/315-52740/24-52941/270-53139/37-66461,1
310410,94-850/315-52740/24-52941/270-53139/37-66461/15-66986,1
310410,94-850/315-52740/24-52941/270-53139/37-66461/15-66986/421-66986/149-850,1
310410,29-850/394-66461,2
310410,269-850/436-9720/421-66986/80-5110/494-66461,1
310410,269-850/436-9720/421-66986/80-5110/494-66461/247-5330,1
310410,329-850/403-9720/58-5330/10-66986/94-9820,1
310410,329-850/403-9720/58-5330/10-66986/94-9820/119-5110,1
310410,329-850/403-9720/58-5330/10-66986/94-9820/119-5110/409-66461,1
310410,416-850/85-9720/321-66986/15-5330/298-5110,1
310410,416-850/85-9720/321-66986/15-5330/298-5110/285-66461,1
310410,416-850/85-9720/321-66986/15-5330/298-5110/285-66461/143-9820,1
310410,329-850/403-9720/58-5330/409-66461/10-66986/115-9820,1
310410,329-850/403-9720/58-5330/409-66461/10-66986/115-9820/119-5110,1
310410,352-850/437-9720/52-66461,2
310410,352-850/437-9720/52-66461/449-66986,1
310410,455-850/291-9720/371-9820/495-66986/116-66461,1
310410,455-850/291-9720/371-9820/495-66986/116-66461/449-66986/352-850,1
310410,416-850/15-5330/321-66986/298-5110,1
310410,455-5110/214-66986,1
310410,143-9820/85-9720/321-66986/298-5110,1
310410,143-9820/85-9720/321-66986/298-5110/285-66461,1
310410,143-9820/85-9720/321-66986/298-5110/285-66461/15-5330,1
310410,143-9820/85-9720/321-66986/298-5110/285-66461/15-5330/416-850,1
310410,70-850/230-5110/102-66461/421-9820,1
310410,294-850/402-9720/282-9820,5
310410,391-850/404-9720/164-66986,1
310410,391-850/164-66986/170-66461,1
310410,416-850/115-9820,1
310410,251-5110/153-66986/258-850/387-66461,1
310410,81-850/153-66986/387-66461,2
310410,258-850/115-9820,1
310410,208-850/289-66461/154-66986,1
310410,66-5110/480-66986/204-850,1
310410,329-850/403-9720/40-9820/409-66461,1
310410,329-850/403-9720/40-9820/409-66461/119-5110,1
310410,329-850/403-9720/40-9820/409-66461/119-5110/10-66986,1
310410,416-850/85-9720/321-66986/298-5110/285-66461,1
310410,416-850/85-9720/321-66986/298-5110/285-66461/143-9820,1
310410,329-850/403-9720/409-66461/58-5330/119-5110/94-9820,1
310410,329-850/403-9720/409-66461/58-5330/119-5110/94-9820/10-66986,1
310410,29-850/394-66461/36-66986/154-5110,1
310410,93-850/178-9720/274-66986,1
310410,93-850/178-9720/274-66986/498-5330,1
310410,93-850/178-9720/274-66986/498-5330/277-5110,1
310410,168-850/437-9720/449-66986/445-5110/53-5330/374-9820,1
310410,80-5110/421-66986/245-850,1
310410,168-850/437-9720/374-9820,1
310410,245-850/436-9720/421-66986,1
310410,94-850/315-52740/24-52941/270-53139/15-66986/37-66461/421-66986/245-850,1
310410,94-850/315-52740/24-52941/270-53139/15-66986/37-66461/421-66986/245-850/494-66461,1
